{"cameraMode":{"drawMode":0,"name":"Shaded","section":"Shading Mode"},"sceneLighting":true,"audioPlay":false,"sceneViewState":{"m_AlwaysRefresh":false,"showFog":true,"showSkybox":true,"showFlares":true,"showImageEffects":true,"showParticleSystems":true,"showVisualEffectGraphs":true,"m_FxEnabled":true},"in2DMode":false,"pivot":{"x":-0.008492994122207165,"y":2.425440788269043,"z":-2.325674057006836},"rotation":{"x":0.17840154469013215,"y":0.06103911250829697,"z":-0.011214732192456723,"w":0.982089102268219},"size":1.8416651487350464,"orthographic":false}