{"cameraMode":{"drawMode":0,"name":"Shaded","section":"Shading Mode"},"sceneLighting":true,"audioPlay":false,"sceneViewState":{"m_AlwaysRefresh":false,"showFog":true,"showSkybox":true,"showFlares":true,"showImageEffects":true,"showParticleSystems":true,"showVisualEffectGraphs":true,"m_FxEnabled":true},"in2DMode":false,"pivot":{"x":8.820019721984864,"y":5.726232051849365,"z":-16.13022232055664},"rotation":{"x":0.10981433838605881,"y":0.03666266053915024,"z":-0.004046133253723383,"w":0.9932846426963806},"size":1.772087812423706,"orthographic":false}