{"cameraMode":{"drawMode":0,"name":"Shaded","section":"Shading Mode"},"sceneLighting":true,"audioPlay":false,"sceneViewState":{"m_AlwaysRefresh":false,"showFog":true,"showSkybox":true,"showFlares":true,"showImageEffects":true,"showParticleSystems":true,"showVisualEffectGraphs":true,"m_FxEnabled":true},"in2DMode":false,"pivot":{"x":531.6864624023438,"y":107.78736877441406,"z":-274.0390319824219},"rotation":{"x":-0.12908729910850526,"y":-0.049363184720277789,"z":0.00643143430352211,"w":-0.9903889894485474},"size":258.12054443359377,"orthographic":false}