{"cameraMode":{"drawMode":0,"name":"Shaded","section":"Shading Mode"},"sceneLighting":true,"audioPlay":false,"sceneViewState":{"m_AlwaysRefresh":false,"showFog":true,"showSkybox":true,"showFlares":true,"showImageEffects":true,"showParticleSystems":true,"showVisualEffectGraphs":true,"m_FxEnabled":true},"in2DMode":false,"pivot":{"x":25.841501235961915,"y":-1.9288289546966553,"z":64.37397003173828},"rotation":{"x":-0.023923642933368684,"y":-0.17691129446029664,"z":0.00429883087053895,"w":-0.983925461769104},"size":37.73627471923828,"orthographic":false}